"Date","Open","High","Low","Close","Volume"
"2023-12-20T21:00:00.000Z","17.40","17.43","17.35","17.41","3,403,073"
"2023-12-21T21:00:00.000Z","17.42","17.45","17.40","17.43","3,099,045"
"2023-12-25T21:00:00.000Z","17.44","17.50","17.44","17.49","2,449,125"
"2023-12-26T21:00:00.000Z","17.50","17.52","17.49","17.51","3,135,694"
"2023-12-27T21:00:00.000Z","17.39","17.40","17.36","17.37","2,984,627"
"2023-12-28T21:00:00.000Z","17.38","17.38","17.31","17.34","4,689,077"
"2024-01-01T21:00:00.000Z","17.29","17.30","17.18","17.23","5,169,866"
"2024-01-02T21:00:00.000Z","17.18","17.20","17.12","17.13","3,895,961"
"2024-01-03T21:00:00.000Z","17.10","17.19","17.06","17.09","3,842,963"
"2024-01-04T21:00:00.000Z","17.10","17.20","17.07","17.13","2,843,584"
"2024-01-07T21:00:00.000Z","17.18","17.37","17.15","17.37","3,046,173"
"2024-01-08T21:00:00.000Z","17.30","17.40","17.29","17.39","2,236,085"
"2024-01-09T21:00:00.000Z","17.40","17.44","17.39","17.42","2,525,276"
"2024-01-10T21:00:00.000Z","17.45","17.48","17.38","17.46","2,289,295"
"2024-01-11T21:00:00.000Z","17.46","17.50","17.46","17.49","2,122,926"
"2024-01-15T21:00:00.000Z","17.47","17.51","17.46","17.50","2,422,040"
"2024-01-16T21:00:00.000Z","17.47","17.49","17.39","17.49","2,433,214"
"2024-01-17T21:00:00.000Z","17.52","17.57","17.52","17.55","2,389,738"
"2024-01-18T21:00:00.000Z","17.62","17.80","17.61","17.80","4,455,251"
"2024-01-21T21:00:00.000Z","17.65","17.67","17.62","17.64","3,086,651"
"2024-01-22T21:00:00.000Z","17.64","17.67","17.62","17.67","2,374,036"
"2024-01-23T21:00:00.000Z","17.70","17.73","17.69","17.71","3,041,229"
"2024-01-24T21:00:00.000Z","17.71","17.73","17.68","17.70","2,398,722"
"2024-01-25T21:00:00.000Z","17.70","17.72","17.69","17.70","2,301,777"
"2024-01-28T21:00:00.000Z","17.73","17.75","17.70","17.74","2,482,487"
"2024-01-29T21:00:00.000Z","17.76","17.77","17.72","17.72","2,283,918"
"2024-01-30T21:00:00.000Z","17.70","17.72","17.62","17.62","4,274,785"
"2024-01-31T21:00:00.000Z","17.68","17.73","17.65","17.72","3,616,243"
"2024-02-01T21:00:00.000Z","17.76","17.80","17.74","17.80","2,736,245"
"2024-02-04T21:00:00.000Z","17.80","17.82","17.78","17.81","3,156,302"
"2024-02-05T21:00:00.000Z","17.83","17.84","17.79","17.82","1,957,377"
"2024-02-06T21:00:00.000Z","17.84","17.84","17.83","17.84","1,854,100"
"2024-02-07T21:00:00.000Z","17.84","17.86","17.84","17.86","2,991,640"
"2024-02-08T21:00:00.000Z","17.87","17.87","17.85","17.86","2,381,514"
"2024-02-11T21:00:00.000Z","17.87","17.88","17.86","17.87","2,435,004"
"2024-02-12T21:00:00.000Z","17.86","17.88","17.85","17.87","3,865,494"
"2024-02-13T21:00:00.000Z","17.89","17.89","17.87","17.89","2,398,910"
"2024-02-14T21:00:00.000Z","17.91","17.91","17.87","17.89","2,917,231"
"2024-02-15T21:00:00.000Z","17.94","17.94","17.71","17.80","5,875,295"
"2024-02-19T21:00:00.000Z","17.60","17.61","17.45","17.54","6,199,763"
"2024-02-20T21:00:00.000Z","17.49","17.51","17.40","17.51","4,479,533"
"2024-02-21T21:00:00.000Z","17.70","17.78","17.69","17.78","4,506,483"
"2024-02-22T21:00:00.000Z","17.78","17.82","17.75","17.79","3,557,085"
"2024-02-25T21:00:00.000Z","17.79","17.82","17.78","17.80","2,872,884"
"2024-02-26T21:00:00.000Z","17.80","17.83","17.78","17.83","3,121,928"
"2024-02-27T21:00:00.000Z","17.81","17.82","17.78","17.80","3,053,775"
"2024-02-28T21:00:00.000Z","17.83","17.87","17.80","17.86","3,992,511"
"2024-02-29T21:00:00.000Z","17.86","17.92","17.86","17.92","3,138,408"
"2024-03-03T21:00:00.000Z","17.92","17.93","17.91","17.92","3,337,460"
"2024-03-04T21:00:00.000Z","17.89","17.89","17.80","17.84","4,009,096"
"2024-03-05T21:00:00.000Z","17.91","17.92","17.85","17.89","3,621,201"
"2024-03-06T21:00:00.000Z","17.93","17.95","17.90","17.93","3,366,080"
"2024-03-07T21:00:00.000Z","17.94","17.97","17.89","17.92","4,857,180"
"2024-03-10T21:00:00.000Z","17.91","17.93","17.86","17.90","4,579,118"
"2024-03-11T21:00:00.000Z","17.94","17.99","17.92","17.98","2,829,599"
"2024-03-12T21:00:00.000Z","17.99","18.01","17.98","17.99","3,569,029"
"2024-03-13T21:00:00.000Z","18.00","18.00","17.91","18.00","3,810,944"
"2024-03-14T21:00:00.000Z","17.94","17.96","17.78","17.82","7,311,059"
"2024-03-17T21:00:00.000Z","17.75","17.77","17.72","17.73","3,940,338"
"2024-03-18T21:00:00.000Z","17.69","17.76","17.64","17.76","4,786,458"
"2024-03-19T21:00:00.000Z","17.76","17.85","17.73","17.84","4,031,935"
"2024-03-20T21:00:00.000Z","17.90","17.92","17.87","17.89","2,634,104"
"2024-03-21T21:00:00.000Z","17.90","17.91","17.87","17.91","2,139,063"
"2024-03-24T21:00:00.000Z","17.88","17.91","17.86","17.90","2,431,378"
"2024-03-25T21:00:00.000Z","17.92","17.93","17.87","17.87","3,624,563"
"2024-03-26T21:00:00.000Z","17.93","17.93","17.88","17.93","3,155,133"
"2024-03-27T21:00:00.000Z","17.92","17.95","17.91","17.91","2,672,217"
"2024-03-31T21:00:00.000Z","17.94","17.97","17.92","17.94","3,376,623"
"2024-04-01T21:00:00.000Z","17.92","17.92","17.85","17.92","3,115,121"
"2024-04-02T21:00:00.000Z","17.91","17.95","17.87","17.92","3,240,611"
"2024-04-03T21:00:00.000Z","17.97","17.99","17.81","17.81","4,364,803"
"2024-04-04T21:00:00.000Z","17.86","17.95","17.84","17.93","4,388,987"
"2024-04-07T21:00:00.000Z","17.93","17.97","17.90","17.93","4,219,506"
"2024-04-08T21:00:00.000Z","17.97","17.98","17.89","17.98","4,446,302"
"2024-04-09T21:00:00.000Z","17.91","17.96","17.89","17.95","6,219,591"
"2024-04-10T21:00:00.000Z","17.97","18.04","17.93","18.04","2,779,306"
"2024-04-11T21:00:00.000Z","18.01","18.01","17.92","17.96","5,238,168"
"2024-04-14T21:00:00.000Z","18.00","18.04","17.80","17.83","6,133,058"
"2024-04-15T21:00:00.000Z","17.84","17.93","17.80","17.83","6,886,423"
"2024-04-16T21:00:00.000Z","17.92","17.92","17.65","17.70","9,576,424"
"2024-04-17T21:00:00.000Z","17.75","17.79","17.57","17.59","7,686,740"
"2024-04-18T21:00:00.000Z","17.55","17.56","17.23","17.28","8,049,761"
"2024-04-21T21:00:00.000Z","17.19","17.28","17.11","17.22","6,763,447"
"2024-04-22T21:00:00.000Z","17.27","17.39","17.27","17.37","5,072,251"
"2024-04-23T21:00:00.000Z","17.41","17.44","17.35","17.39","4,962,296"
"2024-04-24T21:00:00.000Z","17.28","17.38","17.24","17.35","6,578,705"
"2024-04-25T21:00:00.000Z","17.44","17.49","17.40","17.48","3,664,561"
"2024-04-28T21:00:00.000Z","17.49","17.52","17.47","17.49","3,476,827"
"2024-04-29T21:00:00.000Z","17.51","17.51","17.40","17.41","4,022,423"
"2024-04-30T21:00:00.000Z","17.42","17.52","17.35","17.39","4,976,501"
"2024-05-01T21:00:00.000Z","17.44","17.50","17.36","17.47","6,423,559"
"2024-05-02T21:00:00.000Z","17.56","17.58","17.55","17.57","3,093,924"
"2024-05-05T21:00:00.000Z","17.60","17.62","17.59","17.61","2,690,952"
"2024-05-06T21:00:00.000Z","17.63","17.63","17.61","17.61","2,074,048"
"2024-05-07T21:00:00.000Z","17.61","17.63","17.61","17.62","1,891,281"
"2024-05-08T21:00:00.000Z","17.63","17.64","17.62","17.64","2,082,047"
"2024-05-09T21:00:00.000Z","17.65","17.65","17.63","17.65","1,595,676"
"2024-05-12T21:00:00.000Z","17.65","17.66","17.64","17.65","3,106,110"
"2024-05-13T21:00:00.000Z","17.66","17.66","17.65","17.66","1,953,823"
"2024-05-14T21:00:00.000Z","17.66","17.66","17.64","17.65","3,578,223"
"2024-05-15T21:00:00.000Z","17.66","17.67","17.59","17.61","4,879,887"
"2024-05-16T21:00:00.000Z","17.64","17.65","17.57","17.63","4,982,495"
"2024-05-19T21:00:00.000Z","17.48","17.52","17.46","17.51","4,672,242"
"2024-05-20T21:00:00.000Z","17.49","17.53","17.47","17.52","3,297,813"
"2024-05-21T21:00:00.000Z","17.52","17.55","17.48","17.53","4,098,154"
"2024-05-22T21:00:00.000Z","17.60","17.61","17.47","17.50","5,683,833"
"2024-05-23T21:00:00.000Z","17.52","17.60","17.52","17.58","2,934,545"
"2024-05-27T21:00:00.000Z","17.58","17.62","17.57","17.60","5,571,329"
"2024-05-28T21:00:00.000Z","17.60","17.60","17.55","17.57","4,366,379"
"2024-05-29T21:00:00.000Z","17.56","17.56","17.46","17.48","5,625,639"
"2024-05-30T21:00:00.000Z","17.52","17.53","17.30","17.51","5,981,400"
"2024-06-02T21:00:00.000Z","17.57","17.59","17.43","17.54","6,004,032"
"2024-06-03T21:00:00.000Z","17.54","17.59","17.51","17.58","3,764,378"
"2024-06-04T21:00:00.000Z","17.60","17.69","17.60","17.68","3,550,183"
"2024-06-05T21:00:00.000Z","17.68","17.72","17.68","17.72","2,574,400"
"2024-06-06T21:00:00.000Z","17.72","17.74","17.70","17.73","3,212,918"
"2024-06-09T21:00:00.000Z","17.73","17.75","17.72","17.73","2,787,329"
"2024-06-10T21:00:00.000Z","17.72","17.77","17.71","17.77","2,218,284"
"2024-06-11T21:00:00.000Z","17.78","17.80","17.78","17.80","2,933,165"
"2024-06-12T21:00:00.000Z","17.81","17.81","17.79","17.80","2,353,569"
"2024-06-13T21:00:00.000Z","17.79","17.82","17.78","17.80","2,054,654"
"2024-06-16T21:00:00.000Z","17.82","17.84","17.80","17.81","4,168,065"
"2024-06-17T21:00:00.000Z","17.81","17.83","17.80","17.83","2,659,035"
"2024-06-19T21:00:00.000Z","17.83","17.84","17.78","17.82","5,225,603"
"2024-06-20T21:00:00.000Z","17.83","17.85","17.72","17.77","5,436,427"
"2024-06-23T21:00:00.000Z","17.63","17.65","17.53","17.53","6,245,253"
"2024-06-24T21:00:00.000Z","17.57","17.66","17.56","17.64","5,421,200"
"2024-06-25T21:00:00.000Z","17.62","17.68","17.62","17.67","4,167,679"
"2024-06-26T21:00:00.000Z","17.68","17.73","17.67","17.71","4,410,369"
"2024-06-27T21:00:00.000Z","17.71","17.79","17.67","17.67","5,613,013"
"2024-06-30T21:00:00.000Z","17.72","17.76","17.64","17.76","5,749,674"
"2024-07-01T21:00:00.000Z","17.74","17.82","17.74","17.81","4,252,467"
"2024-07-02T21:00:00.000Z","17.81","17.87","17.80","17.87","2,805,546"
"2024-07-04T21:00:00.000Z","17.87","17.91","17.87","17.90","2,290,668"
"2024-07-07T21:00:00.000Z","17.90","17.93","17.89","17.93","1,958,680"
"2024-07-08T21:00:00.000Z","17.93","17.94","17.92","17.93","3,345,976"
"2024-07-09T21:00:00.000Z","17.94","17.95","17.93","17.95","1,992,586"
"2024-07-10T21:00:00.000Z","17.95","17.96","17.91","17.92","3,628,000"
"2024-07-11T21:00:00.000Z","17.91","17.96","17.91","17.95","2,552,890"
"2024-07-14T21:00:00.000Z","17.97","17.98","17.95","17.98","3,694,649"
"2024-07-15T21:00:00.000Z","17.98","17.98","17.95","17.97","2,242,635"
"2024-07-16T21:00:00.000Z","17.96","17.97","17.88","17.89","4,636,366"
"2024-07-17T21:00:00.000Z","17.94","17.95","17.79","17.88","7,574,396"
"2024-07-18T21:00:00.000Z","17.89","17.98","17.73","17.77","8,918,341"
"2024-07-21T21:00:00.000Z","17.69","17.74","17.64","17.74","6,925,829"
"2024-07-22T21:00:00.000Z","17.72","17.77","17.70","17.71","5,485,221"
"2024-07-23T21:00:00.000Z","17.61","17.61","17.31","17.33","8,097,975"
"2024-07-24T21:00:00.000Z","17.34","17.45","17.10","17.19","11,439,011"
"2024-07-25T21:00:00.000Z","17.33","17.41","17.24","17.33","7,102,001"
"2024-07-28T21:00:00.000Z","17.43","17.47","17.30","17.38","8,131,896"
"2024-07-29T21:00:00.000Z","17.42","17.44","17.08","17.19","8,318,571"
"2024-07-30T21:00:00.000Z","17.47","17.61","17.45","17.57","6,609,130"
"2024-07-31T21:00:00.000Z","17.60","17.68","17.14","17.25","8,963,097"
"2024-08-01T21:00:00.000Z","16.99","17.05","16.76","16.91","13,567,225"
"2024-08-04T21:00:00.000Z","15.99","16.66","15.91","16.42","16,070,146"
"2024-08-05T21:00:00.000Z","16.53","16.86","16.40","16.59","7,786,262"
"2024-08-06T21:00:00.000Z","16.83","16.93","16.39","16.42","7,498,734"
"2024-08-07T21:00:00.000Z","16.65","16.93","16.51","16.89","6,928,858"
"2024-08-08T21:00:00.000Z","16.87","17.05","16.81","16.99","5,338,176"
"2024-08-11T21:00:00.000Z","17.05","17.15","16.92","17.03","5,910,135"
"2024-08-12T21:00:00.000Z","17.19","17.45","17.19","17.45","5,098,353"
"2024-08-13T21:00:00.000Z","17.50","17.54","17.30","17.46","5,488,767"
"2024-08-14T21:00:00.000Z","17.68","17.89","17.67","17.89","5,678,681"
"2024-08-15T21:00:00.000Z","17.84","17.94","17.80","17.92","5,082,559"
"2024-08-18T21:00:00.000Z","17.76","17.85","17.72","17.85","5,413,345"
"2024-08-19T21:00:00.000Z","17.84","17.87","17.79","17.82","4,012,752"
"2024-08-20T21:00:00.000Z","17.82","17.85","17.77","17.85","13,886,261"
"2024-08-21T21:00:00.000Z","17.87","17.88","17.70","17.73","22,153,426"
"2024-08-22T21:00:00.000Z","17.79","17.86","17.76","17.85","4,528,718"
"2024-08-25T21:00:00.000Z","17.85","17.86","17.73","17.79","4,172,309"
"2024-08-26T21:00:00.000Z","17.78","17.84","17.72","17.81","4,900,364"
"2024-08-27T21:00:00.000Z","17.81","17.83","17.64","17.72","5,027,710"
"2024-08-28T21:00:00.000Z","17.80","17.87","17.72","17.76","4,723,004"
"2024-08-29T21:00:00.000Z","17.83","17.89","17.76","17.89","4,040,575"
"2024-09-02T21:00:00.000Z","17.84","17.85","17.50","17.57","4,946,682"
"2024-09-03T21:00:00.000Z","17.52","17.66","17.47","17.56","4,598,270"
"2024-09-04T21:00:00.000Z","17.51","17.69","17.48","17.59","4,416,284"
"2024-09-05T21:00:00.000Z","17.57","17.58","17.16","17.18","6,884,819"
"2024-09-08T21:00:00.000Z","17.31","17.43","17.23","17.42","4,419,545"
"2024-09-09T21:00:00.000Z","17.45","17.55","17.32","17.54","3,549,817"
"2024-09-10T21:00:00.000Z","17.58","17.85","17.29","17.83","5,119,391"
"2024-09-11T21:00:00.000Z","17.84","17.95","17.79","17.93","5,506,622"
"2024-09-12T21:00:00.000Z","17.94","18.02","17.92","18.01","5,121,381"
"2024-09-15T21:00:00.000Z","17.97","17.99","17.91","17.99","4,649,959"
"2024-09-16T21:00:00.000Z","18.03","18.07","17.93","18.00","5,247,955"
"2024-09-17T21:00:00.000Z","18.02","18.10","17.95","18.01","4,907,639"
"2024-09-18T21:00:00.000Z","18.10","18.17","18.10","18.12","4,768,864"
"2024-09-19T21:00:00.000Z","18.08","18.13","17.93","18.08","5,637,653"
"2024-09-22T21:00:00.000Z","17.92","17.94","17.90","17.94","3,530,330"
"2024-09-23T21:00:00.000Z","17.95","17.99","17.89","17.97","3,966,599"
"2024-09-24T21:00:00.000Z","17.97","18.00","17.95","17.98","3,024,185"
"2024-09-25T21:00:00.000Z","18.03","18.05","17.98","18.03","2,424,906"
"2024-09-26T21:00:00.000Z","18.04","18.05","17.99","18.01","2,553,201"
"2024-09-29T21:00:00.000Z","18.01","18.04","17.96","18.04","3,923,128"
"2024-09-30T21:00:00.000Z","18.03","18.03","17.85","17.93","4,915,503"
"2024-10-01T21:00:00.000Z","17.93","17.99","17.87","17.97","2,414,910"
"2024-10-02T21:00:00.000Z","17.94","18.00","17.90","17.96","2,999,054"
"2024-10-03T21:00:00.000Z","18.04","18.08","17.98","18.08","3,342,637"
"2024-10-06T21:00:00.000Z","18.05","18.08","17.98","18.00","3,299,951"
"2024-10-07T21:00:00.000Z","18.04","18.12","18.04","18.11","2,100,838"
"2024-10-08T21:00:00.000Z","18.11","18.16","18.11","18.15","1,779,767"
"2024-10-09T21:00:00.000Z","18.16","18.19","18.14","18.18","1,918,627"
"2024-10-10T21:00:00.000Z","18.18","18.21","18.17","18.21","1,574,138"
"2024-10-13T21:00:00.000Z","18.23","18.23","18.21","18.23","2,069,297"
"2024-10-14T21:00:00.000Z","18.23","18.23","18.20","18.22","1,964,277"
"2024-10-15T21:00:00.000Z","18.23","18.24","18.21","18.23","2,414,995"
"2024-10-16T21:00:00.000Z","18.25","18.25","18.20","18.21","3,329,706"
"2024-10-17T21:00:00.000Z","18.30","18.35","18.27","18.33","4,417,626"
"2024-10-20T21:00:00.000Z","18.14","18.17","18.08","18.15","3,340,932"
"2024-10-21T21:00:00.000Z","18.11","18.19","18.09","18.16","2,821,792"
"2024-10-22T21:00:00.000Z","18.13","18.14","17.95","18.02","4,249,254"
"2024-10-23T21:00:00.000Z","18.10","18.13","18.05","18.12","3,297,673"
"2024-10-24T21:00:00.000Z","18.17","18.24","18.14","18.15","4,526,506"
"2024-10-27T21:00:00.000Z","18.22","18.22","18.17","18.17","4,254,974"
"2024-10-28T21:00:00.000Z","18.19","18.27","18.15","18.26","3,033,034"
"2024-10-29T21:00:00.000Z","18.25","18.26","18.20","18.21","3,205,250"
"2024-10-30T21:00:00.000Z","18.16","18.16","17.96","17.97","5,315,569"
"2024-10-31T21:00:00.000Z","18.02","18.14","18.00","18.06","3,479,132"
"2024-11-03T21:00:00.000Z","18.06","18.12","18.00","18.06","3,874,985"
"2024-11-04T21:00:00.000Z","18.09","18.22","18.08","18.21","3,613,021"
"2024-11-05T21:00:00.000Z","18.37","18.47","18.37","18.47","5,368,047"
"2024-11-06T21:00:00.000Z","18.50","18.52","18.48","18.52","2,963,302"
"2024-11-07T21:00:00.000Z","18.53","18.54","18.52","18.54","2,659,728"
"2024-11-10T21:00:00.000Z","18.54","18.55","18.53","18.54","2,928,603"
"2024-11-11T21:00:00.000Z","18.55","18.56","18.53","18.55","2,780,448"
"2024-11-12T21:00:00.000Z","18.55","18.56","18.54","18.55","3,247,614"
"2024-11-13T21:00:00.000Z","18.56","18.56","18.50","18.51","3,383,734"
"2024-11-14T21:00:00.000Z","18.33","18.34","18.04","18.08","8,358,413"
"2024-11-17T21:00:00.000Z","17.98","18.01","17.92","17.99","4,892,726"
"2024-11-18T21:00:00.000Z","17.94","18.04","17.92","18.03","4,224,373"
"2024-11-19T21:00:00.000Z","18.04","18.04","17.91","18.01","4,473,952"
"2024-11-20T21:00:00.000Z","18.05","18.09","17.95","18.07","3,351,365"
"2024-11-21T21:00:00.000Z","18.07","18.11","18.05","18.10","4,814,892"
"2024-11-24T21:00:00.000Z","18.14","18.18","18.10","18.14","4,526,336"
"2024-11-25T21:00:00.000Z","18.14","18.18","18.14","18.17","2,280,467"
"2024-11-26T21:00:00.000Z","18.16","18.17","18.10","18.17","3,116,437"
"2024-11-28T21:00:00.000Z","18.18","18.22","18.16","18.22","1,799,843"
"2024-12-01T21:00:00.000Z","18.21","18.26","18.21","18.25","2,359,548"
"2024-12-02T21:00:00.000Z","18.24","18.28","18.24","18.28","1,858,367"
"2024-12-03T21:00:00.000Z","18.30","18.31","18.29","18.31","2,197,209"
"2024-12-04T21:00:00.000Z","18.30","18.32","18.29","18.32","1,812,464"
"2024-12-05T21:00:00.000Z","18.32","18.34","18.32","18.34","1,741,357"
"2024-12-08T21:00:00.000Z","18.34","18.34","18.32","18.34","2,008,522"
"2024-12-09T21:00:00.000Z","18.33","18.34","18.32","18.33","1,819,566"
"2024-12-10T21:00:00.000Z","18.32","18.35","18.32","18.35","1,931,983"
"2024-12-11T21:00:00.000Z","18.34","18.36","18.34","18.36","1,775,775"
"2024-12-12T21:00:00.000Z","18.37","18.38","18.35","18.36","2,038,040"
"2024-12-15T21:00:00.000Z","18.36","18.39","18.35","18.38","2,694,889"
"2024-12-16T21:00:00.000Z","18.38","18.38","18.37","18.37","1,784,403"
"2024-12-17T21:00:00.000Z","18.37","18.38","18.34","18.36","3,937,674"
"2024-12-18T21:00:00.000Z","18.36","18.38","18.27","18.27","4,671,934"
"2024-12-19T21:00:00.000Z","18.15","18.65","18.11","18.55","4,533,462"
"2024-12-22T21:00:00.000Z","18.56","18.68","18.53","18.67","2,956,233"
"2024-12-23T21:00:00.000Z","18.66","18.79","18.66","18.78","2,140,352"
"2024-12-25T21:00:00.000Z","18.76","18.81","18.75","18.80","2,894,433"
"2024-12-26T21:00:00.000Z","18.80","18.80","18.63","18.72","3,608,579"
"2024-12-29T21:00:00.000Z","18.29","18.36","18.20","18.29","4,223,017"
"2024-12-30T21:00:00.000Z","18.33","18.34","18.20","18.22","3,341,022"
"2025-01-01T21:00:00.000Z","18.28","18.33","18.08","18.19","6,599,968"
"2025-01-02T21:00:00.000Z","18.25","18.41","18.25","18.39","3,103,880"
"2025-01-05T21:00:00.000Z","18.48","18.52","18.45","18.48","4,535,011"
"2025-01-06T21:00:00.000Z","18.53","18.53","18.31","18.35","8,486,557"
"2025-01-07T21:00:00.000Z","18.36","18.40","18.25","18.38","11,652,688"
"2025-01-09T21:00:00.000Z","18.34","18.35","18.10","18.21","15,684,102"
"2025-01-12T21:00:00.000Z","18.05","18.18","17.98","18.18","8,383,253"
"2025-01-13T21:00:00.000Z","18.29","18.30","18.05","18.17","12,067,699"
"2025-01-14T21:00:00.000Z","18.39","18.54","18.37","18.51","7,148,832"
"2025-01-15T21:00:00.000Z","18.56","18.58","18.47","18.48","9,058,757"
"2025-01-16T21:00:00.000Z","18.65","18.66","18.45","18.58","6,046,854"
"2025-01-20T21:00:00.000Z","18.44","18.47","18.37","18.46","8,411,731"
"2025-01-21T21:00:00.000Z","18.49","18.55","18.49","18.55","4,206,574"
"2025-01-22T21:00:00.000Z","18.52","18.57","18.51","18.57","3,806,397"
"2025-01-23T21:00:00.000Z","18.56","18.57","18.52","18.54","3,029,755"
"2025-01-26T21:00:00.000Z","18.21","18.35","18.17","18.27","8,566,544"
"2025-01-27T21:00:00.000Z","18.31","18.45","18.22","18.45","8,369,818"
"2025-01-28T21:00:00.000Z","18.44","18.45","18.33","18.41","4,818,884"
"2025-01-29T21:00:00.000Z","18.44","18.52","18.39","18.47","6,160,432"
"2025-01-30T21:00:00.000Z","18.52","18.59","18.44","18.47","4,907,587"
"2025-02-02T21:00:00.000Z","18.29","18.44","18.23","18.40","7,374,357"
"2025-02-03T21:00:00.000Z","18.43","18.54","18.41","18.54","4,120,646"
"2025-02-04T21:00:00.000Z","18.51","18.58","18.47","18.58","4,864,256"
"2025-02-05T21:00:00.000Z","18.59","18.64","18.58","18.64","3,694,652"
"2025-02-06T21:00:00.000Z","18.66","18.69","18.55","18.57","6,790,739"
"2025-02-09T21:00:00.000Z","18.61","18.68","18.61","18.67","3,313,538"
"2025-02-10T21:00:00.000Z","18.64","18.69","18.64","18.68","3,206,795"
"2025-02-11T21:00:00.000Z","18.61","18.70","18.60","18.69","4,535,744"
"2025-02-12T21:00:00.000Z","18.71","18.76","18.70","18.75","4,636,477"
"2025-02-13T21:00:00.000Z","18.76","18.79","18.76","18.79","3,389,886"
"2025-02-17T21:00:00.000Z","18.80","18.80","18.78","18.80","5,335,863"
"2025-02-18T21:00:00.000Z","18.80","18.81","18.79","18.81","4,413,872"
"2025-02-19T21:00:00.000Z","18.80","18.85","18.79","18.85","3,421,028"
"2025-02-20T21:00:00.000Z","18.88","18.89","18.52","18.53","10,258,387"
"2025-02-23T21:00:00.000Z","18.42","18.43","18.22","18.23","10,355,455"
"2025-02-24T21:00:00.000Z","18.20","18.21","17.94","18.06","13,372,920"
"2025-02-25T21:00:00.000Z","18.13","18.24","18.00","18.11","6,638,162"
"2025-02-26T21:00:00.000Z","18.19","18.23","17.65","17.66","9,825,143"
"2025-02-27T21:00:00.000Z","17.66","17.94","17.55","17.94","8,880,084"
"2025-03-02T21:00:00.000Z","18.04","18.08","17.45","17.57","9,891,625"
"2025-03-03T21:00:00.000Z","17.46","17.79","17.23","17.51","18,137,669"
"2025-03-04T21:00:00.000Z","17.54","17.79","17.36","17.73","12,118,625"
"2025-03-05T21:00:00.000Z","17.45","17.61","17.18","17.26","14,179,685"
"2025-03-06T21:00:00.000Z","17.23","17.44","16.99","17.40","12,868,156"
"2025-03-09T21:00:00.000Z","17.10","17.11","16.57","16.74","15,437,794"
"2025-03-10T21:00:00.000Z","16.70","16.93","16.52","16.68","19,676,052"
"2025-03-11T21:00:00.000Z","16.94","17.01","16.69","16.88","10,461,958"
"2025-03-12T21:00:00.000Z","16.84","16.85","16.49","16.57","6,546,846"
"2025-03-13T21:00:00.000Z","16.76","16.99","16.73","16.97","7,301,399"
"2025-03-16T21:00:00.000Z","16.96","17.18","16.90","17.08","6,525,817"
"2025-03-17T21:00:00.000Z","16.95","16.96","16.70","16.79","6,617,827"
"2025-03-18T21:00:00.000Z","16.86","17.15","16.79","17.00","7,080,012"
"2025-03-19T21:00:00.000Z","16.87","17.14","16.84","16.95","9,349,655"
"2025-03-20T21:00:00.000Z","16.76","16.96","16.73","16.96","5,515,132"
"2025-03-23T21:00:00.000Z","16.90","16.94","16.87","16.93","5,460,841"
"2025-03-24T21:00:00.000Z","16.93","16.97","16.92","16.97","5,422,110"
"2025-03-25T21:00:00.000Z","16.96","16.97","16.83","16.86","5,022,635"
"2025-03-26T21:00:00.000Z","16.84","16.91","16.80","16.84","5,644,776"
"2025-03-27T21:00:00.000Z","16.81","16.83","16.59","16.62","7,041,169"
"2025-03-30T21:00:00.000Z","16.45","16.65","16.32","16.63","10,577,161"
"2025-03-31T21:00:00.000Z","16.59","16.73","16.52","16.72","6,276,199"
"2025-04-01T21:00:00.000Z","16.58","16.85","16.56","16.79","8,946,855"
"2025-04-02T21:00:00.000Z","16.30","16.42","16.13","16.15","17,636,446"
"2025-04-03T21:00:00.000Z","15.74","15.81","15.20","15.21","28,066,525"
"2025-04-06T21:00:00.000Z","14.69","15.88","14.47","15.25","21,924,909"
"2025-04-07T21:00:00.000Z","15.74","15.91","14.74","14.97","13,954,412"
"2025-04-08T21:00:00.000Z","14.94","16.63","14.91","16.58","22,918,021"
"2025-04-09T21:00:00.000Z","16.24","16.30","15.54","16.00","16,037,310"
"2025-04-10T21:00:00.000Z","15.99","16.34","15.86","16.30","8,242,006"
"2025-04-13T21:00:00.000Z","16.64","16.66","16.27","16.45","10,646,031"
"2025-04-14T21:00:00.000Z","16.49","16.63","16.41","16.48","5,259,827"
"2025-04-15T21:00:00.000Z","16.16","16.28","15.75","15.99","7,933,322"
"2025-04-16T21:00:00.000Z","16.06","16.09","15.88","16.01","6,518,846"
"2025-04-20T21:00:00.000Z","15.75","15.77","15.49","15.64","7,593,464"
"2025-04-21T21:00:00.000Z","15.76","15.91","15.74","15.87","9,455,304"
"2025-04-22T21:00:00.000Z","16.09","16.14","16.00","16.05","14,817,551"
"2025-04-23T21:00:00.000Z","16.07","16.19","16.07","16.18","9,215,603"
"2025-04-24T21:00:00.000Z","16.19","16.26","16.17","16.24","8,190,228"
"2025-04-27T21:00:00.000Z","16.26","16.28","16.20","16.26","7,906,832"
"2025-04-28T21:00:00.000Z","16.25","16.30","16.25","16.30","6,826,373"
"2025-04-29T21:00:00.000Z","16.23","16.31","16.18","16.30","7,934,572"
"2025-04-30T21:00:00.000Z","16.33","16.35","16.32","16.33","6,267,508"
"2025-05-01T21:00:00.000Z","16.37","16.38","16.35","16.37","5,461,763"
"2025-05-04T21:00:00.000Z","16.36","16.39","16.35","16.37","3,757,775"
"2025-05-05T21:00:00.000Z","16.36","16.39","16.35","16.38","3,088,720"
"2025-05-06T21:00:00.000Z","16.38","16.40","16.35","16.39","6,024,532"
"2025-05-07T21:00:00.000Z","16.42","16.42","16.38","16.39","3,936,939"
"2025-05-08T21:00:00.000Z","16.39","16.41","16.39","16.41","5,147,557"
"2025-05-11T21:00:00.000Z","16.41","16.44","16.40","16.42","4,460,623"
"2025-05-12T21:00:00.000Z","16.42","16.43","16.41","16.42","5,290,673"
"2025-05-13T21:00:00.000Z","16.42","16.43","16.41","16.41","3,460,137"
"2025-05-14T21:00:00.000Z","16.42","16.43","16.35","16.43","4,309,195"
"2025-05-15T21:00:00.000Z","16.47","16.48","16.36","16.47","6,031,330"
"2025-05-18T21:00:00.000Z","16.19","16.31","16.18","16.31","5,314,485"
"2025-05-19T21:00:00.000Z","16.27","16.30","16.23","16.29","4,044,702"
"2025-05-20T21:00:00.000Z","16.23","16.33","16.12","16.17","4,833,757"
"2025-05-21T21:00:00.000Z","16.17","16.25","16.15","16.20","5,206,136"
"2025-05-22T21:00:00.000Z","16.03","16.16","16.02","16.11","6,208,486"
"2025-05-26T21:00:00.000Z","16.25","16.36","16.23","16.36","5,448,123"
"2025-05-27T21:00:00.000Z","16.36","16.39","16.32","16.33","3,608,236"
"2025-05-28T21:00:00.000Z","16.43","16.43","16.30","16.36","3,563,508"
"2025-05-29T21:00:00.000Z","16.34","16.38","16.22","16.37","5,384,734"
"2025-06-01T21:00:00.000Z","16.32","16.44","16.32","16.44","3,300,002"
"2025-06-02T21:00:00.000Z","16.44","16.50","16.43","16.50","3,122,474"
"2025-06-03T21:00:00.000Z","16.51","16.53","16.48","16.53","3,079,671"
"2025-06-04T21:00:00.000Z","16.54","16.57","16.45","16.48","5,882,546"
"2025-06-05T21:00:00.000Z","16.55","16.58","16.54","16.57","3,985,942"
"2025-06-08T21:00:00.000Z","16.57","16.60","16.57","16.60","2,760,315"
"2025-06-09T21:00:00.000Z","16.61","16.62","16.59","16.62","2,387,010"
"2025-06-10T21:00:00.000Z","16.63","16.64","16.59","16.61","3,512,136"
"2025-06-11T21:00:00.000Z","16.60","16.63","16.59","16.63","2,597,861"
"2025-06-12T21:00:00.000Z","16.58","16.63","16.57","16.59","4,748,247"
"2025-06-15T21:00:00.000Z","16.62","16.66","16.62","16.66","2,897,758"
"2025-06-16T21:00:00.000Z","16.65","16.67","16.62","16.64","3,622,577"
"2025-06-17T21:00:00.000Z","16.65","16.68","16.63","16.64","4,213,609"
"2025-06-19T21:00:00.000Z","16.72","16.78","16.52","16.58","7,041,096"
"2025-06-22T21:00:00.000Z","16.43","16.52","16.39","16.52","5,637,523"
"2025-06-23T21:00:00.000Z","16.58","16.62","16.57","16.61","4,876,258"
"2025-06-24T21:00:00.000Z","16.63","16.64","16.61","16.64","3,495,793"
"2025-06-25T21:00:00.000Z","16.66","16.68","16.64","16.67","3,925,973"
"2025-06-26T21:00:00.000Z","16.68","16.70","16.66","16.70","3,864,333"
"2025-06-29T21:00:00.000Z","16.71","16.73","16.70","16.72","3,728,882"
"2025-06-30T21:00:00.000Z","16.70","16.72","16.68","16.71","4,138,101"
"2025-07-01T21:00:00.000Z","16.70","16.72","16.69","16.72","2,405,135"
"2025-07-02T21:00:00.000Z","16.74","16.75","16.73","16.75","1,628,394"
"2025-07-06T21:00:00.000Z","16.75","16.75","16.73","16.75","4,055,298"
"2025-07-07T21:00:00.000Z","16.76","16.77","16.75","16.77","3,556,218"
"2025-07-08T21:00:00.000Z","16.78","16.79","16.77","16.77","2,660,342"
"2025-07-09T21:00:00.000Z","16.78","16.79","16.77","16.77","2,095,496"
"2025-07-10T21:00:00.000Z","16.78","16.79","16.78","16.78","1,776,449"
"2025-07-13T21:00:00.000Z","16.79","16.80","16.79","16.79","2,788,809"
"2025-07-14T21:00:00.000Z","16.80","16.80","16.79","16.80","2,771,837"
"2025-07-15T21:00:00.000Z","16.80","16.80","16.79","16.80","2,107,004"
"2025-07-16T21:00:00.000Z","16.80","16.81","16.78","16.79","4,092,088"
"2025-07-17T21:00:00.000Z","16.80","16.83","16.75","16.77","4,751,938"
"2025-07-20T21:00:00.000Z","16.67","16.68","16.64","16.66","4,746,018"
"2025-07-21T21:00:00.000Z","16.66","16.67","16.58","16.64","5,458,709"
"2025-07-22T21:00:00.000Z","16.65","16.68","16.61","16.68","4,381,320"
"2025-07-23T21:00:00.000Z","16.71","16.72","16.68","16.71","4,412,680"
"2025-07-24T21:00:00.000Z","16.71","16.75","16.71","16.75","2,948,986"
"2025-07-27T21:00:00.000Z","16.77","16.78","16.76","16.77","5,893,977"
"2025-07-28T21:00:00.000Z","16.80","16.81","16.75","16.77","3,841,293"
"2025-07-29T21:00:00.000Z","16.77","16.80","16.73","16.78","4,795,573"
"2025-07-30T21:00:00.000Z","16.84","16.84","16.72","16.75","7,219,651"
"2025-07-31T21:00:00.000Z","16.66","16.67","16.51","16.58","9,725,932"
"2025-08-03T21:00:00.000Z","16.68","16.77","16.67","16.77","5,301,546"
"2025-08-04T21:00:00.000Z","16.78","16.80","16.71","16.73","5,328,074"
"2025-08-05T21:00:00.000Z","16.74","16.83","16.74","16.83","4,658,153"
"2025-08-06T21:00:00.000Z","16.86","16.87","16.80","16.84","5,399,801"
"2025-08-07T21:00:00.000Z","16.87","16.90","16.86","16.89","2,870,871"
"2025-08-10T21:00:00.000Z","16.90","16.92","16.89","16.90","3,939,495"
"2025-08-11T21:00:00.000Z","16.92","16.93","16.91","16.92","4,288,313"
"2025-08-12T21:00:00.000Z","16.94","16.94","16.92","16.93","2,849,647"
"2025-08-13T21:00:00.000Z","16.93","16.95","16.92","16.93","3,408,658"
"2025-08-14T21:00:00.000Z","16.93","16.93","16.80","16.84","7,303,499"
"2025-08-17T21:00:00.000Z","16.69","16.70","16.65","16.69","4,945,199"
"2025-08-18T21:00:00.000Z","16.68","16.69","16.55","16.57","6,538,526"
"2025-08-19T21:00:00.000Z","16.55","16.56","16.35","16.52","8,881,340"
"2025-08-20T21:00:00.000Z","16.47","16.52","16.40","16.46","5,729,203"
"2025-08-21T21:00:00.000Z","16.48","16.67","16.45","16.65","6,261,549"
"2025-08-24T21:00:00.000Z","16.64","16.67","16.60","16.63","5,019,158"
"2025-08-25T21:00:00.000Z","16.62","16.67","16.59","16.66","4,687,072"
"2025-08-26T21:00:00.000Z","16.66","16.69","16.63","16.69","5,688,943"
"2025-08-27T21:00:00.000Z","16.67","16.77","16.67","16.76","4,868,484"
"2025-08-28T21:00:00.000Z","16.74","16.74","16.61","16.64","5,249,924"
"2025-09-01T21:00:00.000Z","16.50","16.57","16.42","16.57","6,409,238"
"2025-09-02T21:00:00.000Z","16.63","16.69","16.59","16.66","5,241,755"
"2025-09-03T21:00:00.000Z","16.68","16.77","16.65","16.77","5,175,046"
"2025-09-04T21:00:00.000Z","16.83","16.85","16.70","16.79","7,101,052"
"2025-09-07T21:00:00.000Z","16.83","16.87","16.83","16.86","5,416,610"
"2025-09-08T21:00:00.000Z","16.87","16.88","16.82","16.88","3,886,073"
"2025-09-09T21:00:00.000Z","16.91","16.92","16.86","16.88","4,154,034"
"2025-09-10T21:00:00.000Z","16.91","16.95","16.91","16.95","3,790,006"
"2025-09-11T21:00:00.000Z","16.95","16.98","16.95","16.97","4,264,847"
"2025-09-14T21:00:00.000Z","16.98","16.99","16.98","16.98","4,169,567"
"2025-09-15T21:00:00.000Z","17.00","17.01","16.99","17.01","4,770,671"
"2025-09-16T21:00:00.000Z","17.00","17.02","16.97","17.02","7,979,267"
"2025-09-17T21:00:00.000Z","17.02","17.03","16.99","17.01","4,635,754"
"2025-09-18T21:00:00.000Z","17.05","17.10","17.01","17.10","6,380,339"
"2025-09-21T21:00:00.000Z","16.92","16.97","16.91","16.95","6,376,135"
"2025-09-22T21:00:00.000Z","16.96","16.97","16.89","16.90","5,941,187"
"2025-09-23T21:00:00.000Z","16.94","16.94","16.85","16.88","6,643,069"
"2025-09-24T21:00:00.000Z","16.84","16.89","16.78","16.86","6,373,234"
"2025-09-25T21:00:00.000Z","16.89","16.93","16.84","16.92","5,315,365"
"2025-09-28T21:00:00.000Z","16.98","17.01","16.96","16.99","5,770,001"
"2025-09-29T21:00:00.000Z","16.98","17.01","16.95","17.01","6,773,142"
"2025-09-30T21:00:00.000Z","16.97","17.05","16.96","17.05","4,207,369"
"2025-10-01T21:00:00.000Z","17.08","17.09","17.04","17.07","3,401,027"
"2025-10-02T21:00:00.000Z","17.08","17.10","17.04","17.07","5,151,934"
"2025-10-05T21:00:00.000Z","17.10","17.13","17.10","17.12","4,813,830"
"2025-10-06T21:00:00.000Z","17.13","17.14","17.07","17.10","5,728,917"
"2025-10-07T21:00:00.000Z","17.12","17.16","17.11","17.16","3,762,554"
"2025-10-08T21:00:00.000Z","17.16","17.17","17.14","17.15","5,035,049"
"2025-10-09T21:00:00.000Z","17.17","17.18","16.88","16.88","13,728,413"
"2025-10-12T21:00:00.000Z","17.07","17.14","17.04","17.13","7,562,240"
"2025-10-13T21:00:00.000Z","17.04","17.15","16.94","17.10","9,377,152"
"2025-10-14T21:00:00.000Z","17.17","17.19","17.07","17.16","5,937,444"
"2025-10-15T21:00:00.000Z","17.20","17.20","17.10","17.20","10,773,874"
"2025-10-16T21:00:00.000Z","17.15","17.31","17.10","17.28","14,097,068"
"2025-10-19T21:00:00.000Z","17.17","17.26","17.16","17.26","6,780,119"
"2025-10-20T21:00:00.000Z","17.25","17.28","17.23","17.27","6,335,339"
"2025-10-21T21:00:00.000Z","17.26","17.27","17.11","17.21","9,528,602"
"2025-10-22T21:00:00.000Z","17.21","17.29","17.20","17.29","6,638,149"
"2025-10-23T21:00:00.000Z","17.35","17.36","17.33","17.35","7,353,029"
"2025-10-26T21:00:00.000Z","17.41","17.42","17.40","17.42","7,398,336"
"2025-10-27T21:00:00.000Z","17.43","17.44","17.42","17.44","4,022,914"
"2025-10-28T21:00:00.000Z","17.44","17.45","17.41","17.44","8,573,854"
"2025-10-29T21:00:00.000Z","17.43","17.45","17.41","17.42","6,954,140"
"2025-10-30T21:00:00.000Z","17.46","17.47","17.40","17.43","8,369,351"
"2025-11-02T21:00:00.000Z","17.46","17.48","17.44","17.46","6,089,238"
"2025-11-03T21:00:00.000Z","17.41","17.45","17.39","17.40","7,618,415"
"2025-11-04T21:00:00.000Z","17.41","17.47","17.39","17.45","4,692,230"
"2025-11-05T21:00:00.000Z","17.45","17.45","17.34","17.35","9,579,277"
"2025-11-06T21:00:00.000Z","17.32","17.36","17.20","17.36","12,068,800"
"2025-11-09T21:00:00.000Z","17.42","17.50","17.42","17.50","7,746,397"
"2025-11-10T21:00:00.000Z","17.48","17.50","17.47","17.50","4,523,452"
"2025-11-11T21:00:00.000Z","17.51","17.52","17.47","17.50","5,334,901"
"2025-11-12T21:00:00.000Z","17.49","17.49","17.36","17.40","7,258,757"
"2025-11-13T21:00:00.000Z","17.28","17.47","17.24","17.43","7,237,597"
"2025-11-16T21:00:00.000Z","17.40","17.48","17.34","17.39","7,872,726"
"2025-11-17T21:00:00.000Z","17.34","17.40","17.21","17.32","9,339,810"
"2025-11-18T21:00:00.000Z","17.35","17.48","17.32","17.41","8,171,825"
"2025-11-19T21:00:00.000Z","17.55","17.57","17.14","17.14","12,468,209"
"2025-11-20T21:00:00.000Z","17.20","17.39","17.02","17.31","10,438,443"
"2025-11-23T21:00:00.000Z","17.21","17.34","17.20","17.33","8,463,152"
"2025-11-24T21:00:00.000Z","17.32","17.39","17.25","17.38","9,176,226"
"2025-11-25T21:00:00.000Z","17.41","17.44","17.40","17.42","6,902,967"
"2025-11-27T21:00:00.000Z","17.44","17.47","17.43","17.47","3,076,829"
"2025-11-30T21:00:00.000Z","17.44","17.48","17.43","17.47","3,155,016"
"2025-12-01T21:00:00.000Z","17.49","17.50","17.47","17.50","4,498,452"
"2025-12-02T21:00:00.000Z","17.48","17.51","17.48","17.51","3,885,297"
"2025-12-03T21:00:00.000Z","17.51","17.52","17.50","17.52","3,425,688"
"2025-12-04T21:00:00.000Z","17.52","17.54","17.52","17.54","2,462,049"
"2025-12-07T21:00:00.000Z","17.55","17.55","17.53","17.55","2,972,732"
"2025-12-08T21:00:00.000Z","17.54","17.55","17.53","17.54","2,175,972"
"2025-12-09T21:00:00.000Z","17.54","17.56","17.54","17.55","3,911,142"
"2025-12-10T21:00:00.000Z","17.56","17.57","17.55","17.57","3,843,927"
"2025-12-11T21:00:00.000Z","17.57","17.58","17.54","17.56","4,040,654"
"2025-12-14T21:00:00.000Z","17.56","17.57","17.56","17.56","3,492,623"
"2025-12-15T21:00:00.000Z","17.56","17.58","17.56","17.57","3,211,793"
"2025-12-16T21:00:00.000Z","17.57","17.58","17.56","17.57","3,888,566"
"2025-12-17T21:00:00.000Z","17.59","17.62","17.56","17.58","4,286,043"
"2025-12-18T21:00:00.000Z","17.63","17.80","17.63","17.76","9,385,722"
"2025-12-21T21:00:00.000Z","17.67","17.69","17.66","17.66","4,614,644"
"2025-12-22T21:00:00.000Z","17.66","17.72","17.66","17.72","4,801,733"
"2025-12-23T21:00:00.000Z","17.70","17.74","17.70","17.73","2,527,457"
"2025-12-25T21:00:00.000Z","17.74","17.76","17.73","17.75","3,004,388"
"2025-12-28T21:00:00.000Z","17.72","17.75","17.71","17.74","4,555,176"
"2025-12-29T21:00:00.000Z","17.73","17.76","17.73","17.73","4,812,699"
"2025-12-30T21:00:00.000Z","17.73","17.74","17.67","17.67","4,961,318"
"2026-01-01T21:00:00.000Z","17.75","17.78","17.62","17.68","10,828,498"
"2026-01-04T21:00:00.000Z","17.73","17.79","17.72","17.76","5,838,315"
"2026-01-05T21:00:00.000Z","17.77","17.83","17.77","17.83","6,603,746"
"2026-01-06T21:00:00.000Z","17.83","17.86","17.82","17.83","6,273,228"
"2026-01-07T21:00:00.000Z","17.83","17.83","17.78","17.80","7,861,119"
"2026-01-08T21:00:00.000Z","17.83","17.89","17.81","17.89","4,719,884"
"2026-01-11T21:00:00.000Z","17.86","17.90","17.85","17.90","4,058,803"
"2026-01-12T21:00:00.000Z","17.89","17.91","17.88","17.89","4,897,386"
"2026-01-13T21:00:00.000Z","17.88","17.89","17.82","17.89","6,917,639"
"2026-01-14T21:00:00.000Z","17.92","17.93","17.85","17.89","4,217,574"
"2026-01-15T21:00:00.000Z","17.97","18.00","17.80","17.88","7,791,172"
"2026-01-19T21:00:00.000Z","17.53","17.60","17.45","17.48","11,131,784"
"2026-01-20T21:00:00.000Z","17.51","17.71","17.48","17.65","10,447,750"
"2026-01-21T21:00:00.000Z","17.74","17.75","17.67","17.72","7,960,959"
"2026-01-22T21:00:00.000Z","17.72","17.80","17.70","17.77","6,484,923"
"2026-01-25T21:00:00.000Z","17.76","17.83","17.76","17.81","8,489,911"
"2026-01-26T21:00:00.000Z","17.84","17.87","17.83","17.85","4,567,585"
"2026-01-27T21:00:00.000Z","17.88","17.90","17.85","17.88","5,349,650"
"2026-01-28T21:00:00.000Z","17.87","17.88","17.68","17.85","8,599,383"
"2026-01-29T21:00:00.000Z","17.80","17.86","17.73","17.79","9,738,750"
"2026-02-01T21:00:00.000Z","17.74","17.90","17.73","17.88","6,994,310"
"2026-02-02T21:00:00.000Z","17.89","17.90","17.60","17.72","11,068,135"
"2026-02-03T21:00:00.000Z","17.72","17.72","17.39","17.51","14,201,003"
"2026-02-04T21:00:00.000Z","17.39","17.49","17.26","17.33","17,542,392"
"2026-02-05T21:00:00.000Z","17.40","17.69","17.38","17.67","9,629,652"
"2026-02-08T21:00:00.000Z","17.62","17.82","17.57","17.78","10,952,324"
"2026-02-09T21:00:00.000Z","17.81","17.84","17.73","17.74","7,929,852"
"2026-02-10T21:00:00.000Z","17.84","17.87","17.65","17.81","9,908,554"
"2026-02-11T21:00:00.000Z","17.81","17.85","17.46","17.51","11,518,063"
"2026-02-12T21:00:00.000Z","17.49","17.66","17.37","17.55","13,759,650"
"2026-02-16T21:00:00.000Z","17.43","17.60","17.29","17.53","16,016,840"
"2026-02-17T21:00:00.000Z","17.56","17.77","17.52","17.65","8,926,773"
"2026-02-18T21:00:00.000Z","17.58","17.66","17.51","17.59","9,736,762"
"2026-02-19T21:00:00.000Z","17.50","17.78","17.48","17.73","9,238,117"
"2026-02-22T21:00:00.000Z","17.52","17.55","17.38","17.43","8,485,516"
"2026-02-23T21:00:00.000Z","17.45","17.57","17.40","17.55","7,221,970"
"2026-02-24T21:00:00.000Z","17.58","17.69","17.58","17.68","7,523,977"
"2026-02-25T21:00:00.000Z","17.69","17.69","17.50","17.60","10,258,738"
"2026-02-26T21:00:00.000Z","17.50","17.60","17.48","17.59","13,136,950"
"2026-03-01T21:00:00.000Z","17.43","17.65","17.42","17.62","13,702,209"
"2026-03-02T21:00:00.000Z","17.38","17.55","17.28","17.50","16,654,061"
"2026-03-03T21:00:00.000Z","17.55","17.70","17.55","17.66","7,953,665"
"2026-03-04T21:00:00.000Z","17.62","17.70","17.51","17.64","9,621,115"
"2026-03-05T21:00:00.000Z","17.47","17.59","17.43","17.45","14,598,022"
"2026-03-08T21:00:00.000Z","17.34","17.67","17.31","17.64","15,785,918"
"2026-03-09T21:00:00.000Z","17.66","17.77","17.63","17.66","9,333,464"
"2026-03-10T21:00:00.000Z","17.69","17.75","17.64","17.70","9,624,950"
"2026-03-11T21:00:00.000Z","17.62","17.65","17.50","17.50","11,700,732"
"2026-03-12T21:00:00.000Z","17.57","17.67","17.42","17.45","20,595,629"
"2026-03-15T21:00:00.000Z","17.59","17.74","17.59","17.66","13,165,555"
"2026-03-16T21:00:00.000Z","17.72","17.79","17.71","17.75","10,669,989"
"2026-03-17T21:00:00.000Z","17.70","17.75","17.53","17.54","18,696,164"
"2026-03-18T21:00:00.000Z","17.41","17.57","17.31","17.49","17,927,457"
"2026-03-19T21:00:00.000Z","17.43","17.43","17.14","17.20","18,513,077"
"2026-03-22T21:00:00.000Z","17.21","17.29","17.14","17.20","12,300,795"
"2026-03-23T21:00:00.000Z","17.11","17.20","17.09","17.14","9,636,627"
"2026-03-24T21:00:00.000Z","17.22","17.26","17.17","17.21","10,442,261"
"2026-03-25T21:00:00.000Z","17.11","17.17","16.97","16.97","11,275,196"
"2026-03-26T21:00:00.000Z","16.93","16.94","16.73","16.77","13,859,685"
"2026-03-29T21:00:00.000Z","16.87","16.91","16.63","16.70","11,359,688"
"2026-03-30T21:00:00.000Z","16.84","17.16","16.83","17.15","14,363,411"
"2026-03-31T21:00:00.000Z","17.23","17.31","17.19","17.25","7,555,508"
"2026-04-01T21:00:00.000Z","17.08","17.30","17.03","17.29","8,719,290"
"2026-04-05T21:00:00.000Z","17.31","17.39","17.31","17.36","8,088,937"
"2026-04-06T21:00:00.000Z","17.32","17.35","17.19","17.35","12,387,486"
"2026-04-07T21:00:00.000Z","17.58","17.59","17.51","17.55","11,040,343"
"2026-04-08T21:00:00.000Z","17.55","17.60","17.54","17.59","10,609,215"
"2026-04-09T21:00:00.000Z","17.61","17.62","17.59","17.60","4,392,916"
"2026-04-12T21:00:00.000Z","17.60","17.63","17.59","17.62","5,178,037"
"2026-04-13T21:00:00.000Z","17.63","17.64","17.62","17.63","5,242,646"
"2026-04-14T21:00:00.000Z","17.64","17.64","17.63","17.64","3,145,392"
"2026-04-15T21:00:00.000Z","17.63","17.68","17.63","17.66","4,934,738"
"2026-04-16T21:00:00.000Z","17.77","17.92","17.77","17.90","9,495,326"
"2026-04-19T21:00:00.000Z","17.73","17.73","17.62","17.69","7,096,579"
"2026-04-20T21:00:00.000Z","17.72","17.74","17.61","17.65","6,372,527"
"2026-04-21T21:00:00.000Z","17.73","17.80","17.73","17.79","3,533,586"
"2026-04-22T21:00:00.000Z","17.79","17.82","17.65","17.75","6,744,727"
"2026-04-23T21:00:00.000Z","17.82","17.89","17.81","17.89","5,387,267"
"2026-04-26T21:00:00.000Z","17.87","17.91","17.86","17.90","4,080,842"
"2026-04-27T21:00:00.000Z","17.85","17.88","17.81","17.85","4,537,346"
"2026-04-28T21:00:00.000Z","17.90","17.90","17.84","17.90","4,819,739"
"2026-04-29T21:00:00.000Z","17.93","17.99","17.88","17.98","4,765,306"
"2026-04-30T21:00:00.000Z","17.99","18.04","17.99","18.03","4,628,108"
"2026-05-03T21:00:00.000Z","18.03","18.05","17.99","18.02","3,788,961"
"2026-05-04T21:00:00.000Z","18.04","18.07","18.04","18.06","3,003,063"
"2026-05-05T21:00:00.000Z","18.09","18.10","18.08","18.10","3,264,831"
"2026-05-06T21:00:00.000Z","18.09","18.10","18.09","18.10","2,667,315"
"2026-05-07T21:00:00.000Z","18.10","18.13","18.10","18.13","2,588,254"
"2026-05-10T21:00:00.000Z","18.11","18.12","18.11","18.12","4,170,461"
"2026-05-11T21:00:00.000Z","18.13","18.13","18.11","18.11","3,048,256"
"2026-05-12T21:00:00.000Z","18.12","18.13","18.11","18.13","2,171,155"
"2026-05-13T21:00:00.000Z","18.12","18.15","18.12","18.13","4,966,022"
"2026-05-14T21:00:00.000Z","17.89","17.95","17.77","17.89","11,998,460"
"2026-05-17T21:00:00.000Z","17.76","17.76","17.60","17.71","15,496,335"
"2026-05-18T21:00:00.000Z","17.62","17.72","17.56","17.65","9,787,114"
"2026-05-19T21:00:00.000Z","17.71","17.81","17.68","17.80","5,678,029"
"2026-05-20T21:00:00.000Z","17.75","17.86","17.75","17.84","7,332,510"
"2026-05-21T21:00:00.000Z","17.89","17.93","17.87","17.88","4,822,343"
"2026-05-25T21:00:00.000Z","17.99","18.00","17.96","17.99","6,638,963"
"2026-05-26T21:00:00.000Z","18.01","18.02","17.96","18.01","4,716,308"
"2026-05-27T21:00:00.000Z","18.00","18.07","18.00","18.05","3,519,685"
"2026-05-28T21:00:00.000Z","18.07","18.10","18.06","18.08","3,614,034"
"2026-05-31T21:00:00.000Z","18.07","18.13","18.07","18.12","3,823,904"
"2026-06-01T21:00:00.000Z","18.12","18.14","18.10","18.14","3,386,352"
"2026-06-02T21:00:00.000Z","18.14","18.15","18.12","18.13","4,022,830"
"2026-06-03T21:00:00.000Z","18.11","18.15","18.08","18.13","2,863,487"
"2026-06-04T21:00:00.000Z","18.08","18.10","17.77","17.80","9,269,296"
"2026-06-07T21:00:00.000Z","17.95","18.04","17.93","17.99","6,937,575"
"2026-06-08T21:00:00.000Z","18.03","18.08","17.47","17.85","12,322,982"
"2026-06-09T21:00:00.000Z","17.76","17.92","17.63","17.64","9,153,946"
"2026-06-10T21:00:00.000Z","17.75","18.00","17.67","17.99","13,600,958"
"2026-06-11T21:00:00.000Z","18.00","18.11","17.94","18.09","6,232,882"
"2026-06-14T21:00:00.000Z","18.18","18.23","18.18","18.21","3,253,463"
"2026-06-15T21:00:00.000Z","18.21","18.23","18.20","18.20","3,025,794"
"2026-06-16T21:00:00.000Z","18.22","18.29","18.05","18.08","10,137,702"
"2026-06-17T21:00:00.000Z","18.37","18.54","18.34","18.52","10,628,710"
"2026-06-21T21:00:00.000Z","18.36","18.41","18.28","18.31","4,851,840"
"2026-06-22T21:00:00.000Z","18.00","18.13","17.90","17.95","6,452,570"
"2026-06-23T21:00:00.000Z","17.99","18.08","17.79","17.91","7,479,144"
"2026-06-24T21:00:00.000Z","18.18","18.19","17.82","18.01","9,306,468"
"2026-06-25T21:00:00.000Z","17.86","18.03","17.78","17.86","4,341,437"
"2026-06-28T21:00:00.000Z","18.02","18.24","17.86","18.24","4,708,407"
"2026-06-29T21:00:00.000Z","18.22","18.45","18.22","18.43","4,020,293"
"2026-06-30T21:00:00.000Z","18.33","18.40","18.27","18.30","3,764,537"
"2026-07-01T21:00:00.000Z","18.31","18.41","17.98","18.09","3,414,523"
"2026-07-05T21:00:00.000Z","18.25","18.38","18.23","18.34","2,940,389"
"2026-07-06T21:00:00.000Z","18.16","18.21","17.96","18.07","3,924,611"
"2026-07-07T21:00:00.000Z","17.96","18.14","17.87","18.13","4,493,660"
"2026-07-08T21:00:00.000Z","18.29","18.40","18.21","18.39","3,514,230"
"2026-07-09T21:00:00.000Z","18.36","18.48","18.28","18.46","3,057,033"
"2026-07-12T21:00:00.000Z","18.30","18.32","18.12","18.15","4,686,231"
"2026-07-13T21:00:00.000Z","18.37","18.42","18.23","18.37","3,045,597"
"2026-07-14T21:00:00.000Z","18.46","18.48","18.13","18.30","3,046,307"
"2026-07-15T21:00:00.000Z","18.17","18.21","17.93","18.03","4,034,242"
"2026-07-16T21:00:00.000Z","17.67","17.88","17.52","17.81","9,017,762"
"2026-07-19T21:00:00.000Z","17.71","17.77","17.65","17.66","4,332,393"
"2026-07-20T21:00:00.000Z","17.79","17.82","17.74","17.82","4,660,331"
"2026-07-21T21:00:00.000Z","17.76","17.83","17.76","17.80","2,313,765"
"2026-07-22T21:00:00.000Z","17.67","17.73","17.57","17.64","6,443,394"
"2026-07-23T21:00:00.000Z","17.64","17.70","17.54","17.56","3,807,985"
"2026-07-26T21:00:00.000Z","17.69","17.70","17.45","17.55","5,406,761"
"2026-07-27T21:00:00.000Z","17.48","17.54","17.33","17.48","5,218,707"
"2026-07-28T21:00:00.000Z","17.48","17.57","17.21","17.22","6,036,623"
"2026-07-29T21:00:00.000Z","17.48","17.66","17.47","17.62","5,005,904"
"2026-07-30T21:00:00.000Z","17.76","17.81","17.57","17.73","4,161,451"
"2026-08-02T21:00:00.000Z","17.74","17.92","17.71","17.91","3,489,254"
"2026-08-03T21:00:00.000Z","18.00","18.09","18.00","18.08","3,499,533"
"2026-08-04T21:00:00.000Z","18.09","18.11","18.07","18.08","4,346,954"
"2026-08-05T21:00:00.000Z","18.02","18.10","18.01","18.08","2,975,944"
"2026-08-06T21:00:00.000Z","18.11","18.15","18.10","18.14","3,515,768"
"2026-08-09T21:00:00.000Z","18.14","18.16","18.13","18.15","3,157,283"
"2026-08-10T21:00:00.000Z","18.17","18.17","18.14","18.16","1,856,759"
"2026-08-11T21:00:00.000Z","18.19","18.19","18.17","18.18","2,497,590"
"2026-08-12T21:00:00.000Z","18.20","18.20","18.18","18.19","1,715,585"
"2026-08-13T21:00:00.000Z","18.21","18.21","18.19","18.21","3,303,665"
"2026-08-16T21:00:00.000Z","18.21","18.23","18.20","18.20","2,841,728"
"2026-08-17T21:00:00.000Z","18.18","18.21","18.18","18.20","2,964,575"
"2026-08-18T21:00:00.000Z","18.21","18.21","18.19","18.21","1,664,303"
"2026-08-19T21:00:00.000Z","18.22","18.24","18.20","18.23","3,587,185"
"2026-08-20T21:00:00.000Z","18.32","18.35","18.19","18.32","4,723,360"
"2026-08-23T21:00:00.000Z","18.08","18.11","18.00","18.06","3,649,229"
"2026-08-24T21:00:00.000Z","18.11","18.15","18.07","18.13","5,155,127"
"2026-08-25T21:00:00.000Z","18.09","18.17","18.09","18.15","4,891,525"
"2026-08-26T21:00:00.000Z","18.22","18.28","18.20","18.28","7,592,425"
"2026-08-27T21:00:00.000Z","18.26","18.32","18.23","18.26","5,648,986"
"2026-08-30T21:00:00.000Z","18.25","18.27","18.23","18.26","5,104,445"